{
    "$$$": {
        "kills": 53304,
        "deaths": 33657,
        "classic_wins": 2890,
        "br_wins": 34,
        "kills_elo": 7789.070000000001,
        "games_elo": 7942.1900000000005,
        "level": 366,
        "xp": 7456935,
        "seen_recently": 0,
        "coins": 955,
        "squad_name": "$$$"
    }
}